"";"Fecha";"M2";"Inflacion";"cambioM2";"cambioM2mm";"Inflacionmm";"petroleo";"cambiopet";"cambiopetmm";"cambioM2mmlag";"cambiopetmmlag"
"1";1995-01-01;17301,1;NA;NA;NA;NA;18,39;NA;NA;NA;NA
"2";1995-02-01;17216,4;NA;NA;NA;NA;18,49;NA;NA;NA;NA
"3";1995-03-01;17708,3;NA;NA;NA;NA;19,17;NA;NA;NA;NA
"4";1995-04-01;17235,9;NA;NA;NA;NA;20,38;NA;NA;NA;NA
"5";1995-05-01;17245,3;NA;NA;NA;NA;18,89;NA;NA;NA;NA
"6";1995-06-01;17696,5;NA;NA;NA;NA;17,4;NA;NA;NA;NA
"7";1995-07-01;18004,1;NA;NA;NA;NA;17,56;NA;NA;NA;NA
"8";1995-08-01;18232,9;NA;NA;NA;NA;17,84;NA;NA;NA;NA
"9";1995-09-01;18638,6;NA;NA;NA;NA;17,54;NA;NA;NA;NA
"10";1995-10-01;18467,8;NA;NA;NA;NA;17,64;NA;NA;NA;NA
"11";1995-11-01;18238,5;NA;NA;NA;NA;18,18;NA;NA;NA;NA
"12";1995-12-01;19591,3;NA;NA;NA;NA;19,55;NA;NA;NA;NA
"13";1996-01-01;19507,2;0,0975980541197934;0,127512123506598;NA;NA;17,74;-0,0353452963567157;NA;NA;NA
"14";1996-02-01;19790,8;0,10829774252593;0,149531841732302;NA;NA;19,54;0,0567874526771228;NA;NA;NA
"15";1996-03-01;20032,9;0,114754098360656;0,131271776511579;NA;NA;21,47;0,119979134063641;NA;NA;NA
"16";1996-04-01;19799,5;0,1194636938837;0,148736068322513;NA;NA;21,2;0,0402355250245339;NA;NA;NA
"17";1996-05-01;19845,9;0,110154394299287;0,150800507964489;NA;NA;19,76;0,046056114346215;NA;NA;NA
"18";1996-06-01;19654,6;0,10335727899135;0,110648998389512;NA;NA;20,92;0,202298850574713;NA;NA;NA
"19";1996-07-01;19831,7;0,116003510825044;0,101510211562922;NA;NA;20,42;0,162870159453303;NA;NA;NA
"20";1996-08-01;19860,3;0,120255925548931;0,0892562346088663;NA;NA;22,25;0,24719730941704;NA;NA;NA
"21";1996-09-01;20044,8;0,117698091382302;0,0754455806766603;NA;NA;24,38;0,389965792474344;NA;NA;NA
"22";1996-10-01;20303,3;0,106373877085413;0,0993892071605713;NA;NA;23,35;0,323696145124717;NA;NA;NA
"23";1996-11-01;20116,1;0,104433497536946;0,102947062532555;NA;NA;23,75;0,306380638063806;NA;NA;NA
"24";1996-12-01;22028,6;0,108543417366947;0,124407262407293;0,117621406281322;0,110577798493858;25,92;0,325831202046036;0,182162752242396;NA;NA
"25";1997-01-01;22272,3;0,10803324099723;0,141747662401575;0,118807701189236;0,111447397400311;24,15;0,361330326944758;0,215219054184186;NA;NA
"26";1997-02-01;23256,3;0,126617120836774;0,175106615194939;0,120938932311123;0,112974012259548;20,3;0,0388945752302969;0,213727981063617;NA;NA
"27";1997-03-01;23190,7;0,115059912854031;0,157630697502608;0,123135509060375;0,112999496800663;20,41;-0,0493712156497438;0,199615451920835;NA;NA
"28";1997-04-01;23259;0,101332256762212;0,174726634510973;0,12530138957608;0,111488543707206;20,21;-0,0466981132075471;0,192370982068162;NA;NA
"29";1997-05-01;22997,4;0,0961487028617279;0,158798542772059;0,125967892476711;0,110321402754076;20,88;0,0566801619433197;0,19325631936792;NA;NA
"30";1997-06-01;23416,1;0,0896890778634069;0,191380134930245;0,132695487188439;0,109182385993414;19,8;-0,0535372848948376;0,171936641412124;NA;0,182162752242396
"31";1997-07-01;24628,1;0,0798269760125837;0,241855211605662;0,144390903858667;0,106167674759042;20,14;-0,0137120470127327;0,157221457539955;NA;0,215219054184186
"32";1997-08-01;24800;0,0804776739356178;0,248722325443221;0,15767974476153;0,102852820457933;19,61;-0,118651685393258;0,126734041305763;NA;0,213727981063617
"33";1997-09-01;24912,5;0,0833117723156533;0,242841036079183;0,171629366045074;0,0999872938690452;21,18;-0,131255127153404;0,0832989646701174;NA;0,199615451920835
"34";1997-10-01;25544,3;0,0848047428792371;0,258135377007679;0,184858213532332;0,0981898660185305;21,08;-0,0972162740899359;0,0482229297355631;NA;0,192370982068162
"35";1997-11-01;26117,4;0,0765897795335795;0,29833317591382;0,201140389647438;0,0958695561849167;19,15;-0,193684210526316;0,00655085901971953;NA;0,19325631936792
"36";1997-12-01;27564,1;0,0712571067593177;0,251286963311332;0,211713698056108;0,0927623636342809;17,64;-0,319444444444444;-0,0472221115211538;0,117621406281322;0,171936641412124
"37";1998-01-01;28018,9;0,0728750000000001;0,258015561931188;0,221402689683576;0,0898325102178451;17,21;-0,287370600414079;-0,10128052213439;0,118807701189236;0,157221457539955
"38";1998-02-01;27443,7;0,0544832641094553;0,18005443686227;0,221815008155853;0,0838213554905685;15,44;-0,239408866995074;-0,124472475653171;0,120938932311123;0,126734041305763
"39";1998-03-01;28426;0,0610575161802419;0,225749977361615;0,22749161481077;0,0793211557677528;15,61;-0,235178833904949;-0,139956443841105;0,123135509060375;0,0832989646701174
"40";1998-04-01;28770,7;0,069403714565005;0,236970635023002;0,23267861485344;0,0766604439179855;15,39;-0,238495794161306;-0,155939583920585;0,12530138957608;0,0482229297355631
"41";1998-05-01;28236,3;0,0731975112846163;0,227804012627514;0,238429070674727;0,0747478446198929;15,2;-0,272030651340996;-0,183332151694278;0,125967892476711;0,00655085901971953
"42";1998-06-01;28757;0,0742592366784538;0,228086658324828;0,241487947624276;0,0734620245211468;14,18;-0,283838383838384;-0,202523909939573;0,132695487188439;-0,0472221115211538
"43";1998-07-01;28519,7;0,0727118232580726;0,158014625569979;0,234501232121302;0,0728690951249375;14,21;-0,294438927507448;-0,225917816647466;0,144390903858667;-0,10128052213439
"44";1998-08-01;29253,3;0,0630706391158098;0,179568548387097;0,228738417366625;0,0714185088899535;13,34;-0,319734829168791;-0,242674745295427;0,15767974476153;-0,124472475653171
"45";1998-09-01;28398,2;0,0549319321710055;0,139917711991972;0,220161473692691;0,0690535222112329;16,14;-0,237960339943343;-0,251566846361255;0,171629366045074;-0,139956443841105
"46";1998-10-01;28581;0,0496613995485326;0,118879750081232;0,208556838115487;0,0661249102670075;14,42;-0,315939278937381;-0,269793763431876;0,184858213532332;-0,155939583920585
"47";1998-11-01;28638,6;0,0735;0,0965333455857014;0,191740185588144;0,0658674286392092;11,22;-0,414099216710183;-0,288161680613865;0,201140389647438;-0,183332151694278
"48";1998-12-01;30999,7;0,0748;0,124640383687478;0,181186303952823;0,0661626697425994;12,05;-0,316893424036281;-0,287949095579851;0,211713698056108;-0,202523909939573
"49";1999-01-01;29693,2;0,0629;0,0597560932085128;0,164664681559267;0,0653314197425994;12,75;-0,259151656013945;-0,28559751687984;0,221402689683576;-0,225917816647466
"50";1999-02-01;29722,4;0,0517;0,0830318069356537;0,156579462398715;0,0650994810668115;12,27;-0,205310880829015;-0,282756018032669;0,221815008155853;-0,242674745295427
"51";1999-03-01;31052,6;0,0399;0,0924013227327094;0,145467074512973;0,063336354718458;16,76;0,0736707238949392;-0,257018554882678;0,22749161481077;-0,251566846361255
"52";1999-04-01;31271,5;0,0347;0,0869217641558946;0,132963001940714;0,0604443785047076;18,66;0,212475633528265;-0,219437602575214;0,23267861485344;-0,269793763431876
"53";1999-05-01;31485,2;0,0373;0,115061109281315;0,123567759995198;0,0574529192309895;16,84;0,107894736842105;-0,187777153559955;0,238429070674727;-0,288161680613865
"54";1999-06-01;31443,3;0,0422;0,0934137775150399;0,112345019927715;0,0547813161744517;19,29;0,360366713681241;-0,13409339543332;0,241487947624276;-0,287949095579851
"55";1999-07-01;32129,1;0,0522;0,126558133500703;0,109723645588609;0,0530719975696123;20,53;0,44475721323012;-0,0724937170385225;0,234501232121302;-0,28559751687984
"56";1999-08-01;31402,2;0,0603;0,0734583790546708;0,100881131477573;0,0528411109766282;22,11;0,657421289355322;0,00893595950515366;0,228738417366625;-0,282756018032669
"57";1999-09-01;31328,2;0,0679;0,103175553380144;0,0978192849265878;0,0539217832957111;24,51;0,518587360594795;0,0719816012166652;0,220161473692691;-0,257018554882678
"58";1999-10-01;31038,9;0,0757;0,0859976907735909;0,0950791133176177;0,0560916666666667;21,75;0,508321775312067;0,140670022404119;0,208556838115487;-0,219437602575214
"59";1999-11-01;31363,7;0,0515;0,0951547910861565;0,094964233775989;0,0542583333333333;24,59;1,19162210338681;0,274480132412202;0,191740185588144;-0,187777153559955
"60";1999-12-01;33456,2;0,0492;0,0792427023487323;0,0911810936644269;0,052125;25,6;1,12448132780083;0,394594695065294;0,181186303952823;-0,13409339543332
"61";2000-01-01;33006,3;0,0527;0,111577734969623;0,0954995638111861;0,051275;27,64;1,1678431372549;0,513510927837698;0,164664681559267;-0,0724937170385225
"62";2000-02-01;32632,2;0,0662;0,0978992275186392;0,0967385155264349;0,0524833333333333;30,43;1,480032599837;0,6539562178932;0,156579462398715;0,00893595950515366
"63";2000-03-01;33479,3;0,0828;0,0781480455742838;0,0955507424298994;0,0560583333333333;26,9;0,605011933174224;0,698234651999807;0,145467074512973;0,0719816012166652
"64";2000-04-01;34539,6;0,0907;0,104507298978303;0,0970162036651001;0,060725;25,74;0,379421221864952;0,712146784361197;0,132963001940714;0,140670022404119
"65";2000-05-01;34678,3;0,0736;0,101415903345064;0,0958791031704124;0,06375;29,01;0,722684085510689;0,763379230083579;0,123567759995198;0,274480132412202
"66";2000-06-01;35678,6;0,0723;0,134696421813232;0,0993193235285951;0,0662583333333333;32,5;0,68481078278901;0,79041623584256;0,112345019927715;0,394594695065294
"67";2000-07-01;36711,7;0,0614;0,142630823770352;0,100658714384399;0,067025;27,43;0,336093521675597;0,781360928213017;0,109723645588609;0,513510927837698
"68";2000-08-01;37705,5;0,0471;0,200727974473126;0,111264514002604;0,065925;33,12;0,497964721845319;0,768072880920516;0,100881131477573;0,6539562178932
"69";2000-09-01;37599,1;0,0429;0,200167899847422;0,119347209541544;0,0638416666666667;30,84;0,258261933904529;0,746379095362994;0,0978192849265878;0,698234651999807
"70";2000-10-01;37018,4;0,0384;0,192645357921833;0,12823451513723;0,0607333333333333;32,7;0,503448275862069;0,745972970408827;0,0950791133176177;0,712146784361197
"71";2000-11-01;37325,4;0,0417;0,190082802730545;0,136145182774263;0,0599166666666667;33,82;0,375355835705571;0,677950781435391;0,094964233775989;0,763379230083579
"72";2000-12-01;39497,4;0,0508;0,180570417441311;0,144589159031978;0,06005;26,8;0,046875;0,588150254118655;0,0911810936644269;0,79041623584256
"73";2001-01-01;39442,2;0,0605;0,194990047354596;0,151540185064059;0,0607;28,66;0,0369030390738061;0,493905245936897;0,0954995638111861;0,781360928213017
"74";2001-02-01;38969,4;0,0599;0,194200820048909;0,159565317774915;0,060175;27,39;-0,0999014130791981;0,362244078193881;0,0967385155264349;0,768072880920516
"75";2001-03-01;39611,4;0,0542;0,183160938251397;0,168316392164674;0,0577916666666667;26,29;-0,0226765799256505;0,309936702102224;0,0955507424298994;0,746379095362994
"76";2001-04-01;39556,1;0,0487;0,145239087887526;0,171710707907109;0,0542916666666667;28,46;0,105672105672106;0,287124275752821;0,0970162036651001;0,745972970408827
"77";2001-05-01;40688,5;0,0605;0,173312994004896;0,177702132128762;0,0532;28,37;-0,0220613581523613;0,225062155447566;0,0958791031704124;0,677950781435391
"78";2001-06-01;41755,7;0,063;0,170328992729535;0,180671513038454;0,052425;26,25;-0,192307692307692;0,151968949189508;0,0993193235285951;0,588150254118655
"79";2001-07-01;42050;0,0697;0,145411408352106;0,180903228420267;0,0531166666666667;26,35;-0,0393729493255559;0,120680076606078;0,100658714384399;0,493905245936897
"80";2001-08-01;42158,8;0,0879;0,118107437906937;0,174018183706418;0,0565166666666667;27,2;-0,178743961352657;0,0642876863395805;0,111264514002604;0,362244078193881
"81";2001-09-01;42768,5;0,0899;0,137487333473408;0,16879480317525;0,0604333333333333;23,43;-0,240272373540856;0,0227431607191318;0,119347209541544;0,309936702102224
"82";2001-10-01;42798,5;0,0947;0,156141270287208;0,165752795872365;0,065125;21,18;-0,352293577981651;-0,0485686604345116;0,12823451513723;0,287124275752821
"83";2001-11-01;43286;0,0951;0,159692863304881;0,163220300920226;0,069575;19,44;-0,425192193968066;-0,115280996240648;0,136145182774263;0,225062155447566
"84";2001-12-01;45173,3;0,0891;0,143703129826267;0,160148026952305;0,0727666666666667;19,84;-0,259701492537313;-0,140829037285424;0,144589159031978;0,151968949189508
"85";2002-01-01;44787,8;0,0885;0,135529965367044;0,155193020120009;0,0751;19,48;-0,320307048150733;-0,170596544554136;0,151540185064059;0,120680076606078
"86";2002-02-01;44989,1;0,0901;0,154472483538366;0,151882325410798;0,0776166666666667;21,74;-0,20627966411099;-0,179461398806785;0,159565317774915;0,0642876863395805
"87";2002-03-01;45538,7;0,0913;0,149636215836855;0,149088598542919;0,0807083333333333;26,31;0,000760745530619999;-0,177508288352096;0,168316392164674;0,0227431607191318
"88";2002-04-01;45579,6;0,0925;0,152277398429067;0,149675124421381;0,0843583333333333;27,29;-0,0411103302881237;-0,189740158015448;0,171710707907109;-0,0485686604345116
"89";2002-05-01;45018,9;0,0931;0,10642810622166;0,144101383772778;0,087075;25,31;-0,107860415932323;-0,196890079497112;0,177702132128762;-0,115280996240648
"90";2002-06-01;45551,1;0,0914;0,090895374763206;0,137481915608917;0,0894416666666667;26,86;0,0232380952380953;-0,178927930534963;0,180671513038454;-0,140829037285424
"91";2002-07-01;46078,4;0,091;0,0958002378121285;0,133347651397252;0,0912166666666667;27,02;0,025426944971537;-0,173527939343538;0,180903228420267;-0,170596544554136
"92";2002-08-01;45695,3;0,0773;0,083885214949192;0,130495799484107;0,0903333333333333;28,98;0,0654411764705882;-0,153179177858268;0,174018183706418;-0,179461398806785
"93";2002-09-01;45650,1;0,071;0,0673766907887814;0,124653245927055;0,0887583333333333;30,45;0,299615877080666;-0,108188490306474;0,16879480317525;-0,177508288352096
"94";2002-10-01;45861,3;0,066;0,0715632557215791;0,117605078046585;0,0863666666666667;27,22;0,285174693106704;-0,0550661343824448;0,165752795872365;-0,189740158015448
"95";2002-11-01;46060;0,0634;0,0640853855750128;0,109637788235763;0,083725;26,89;0,383230452674897;0,0123024195044688;0,163220300920226;-0,196890079497112
"96";2002-12-01;48180,7;0,0633;0,0665747244500621;0,103210421121079;0,081575;31,2;0,57258064516129;0,0816592643126857;0,160148026952305;-0,178927930534963
"97";2003-01-01;48372,2;0,062;0,0800307226521506;0,0985854842281716;0,0793666666666667;33,51;0,720225872689938;0,168370341049408;0,155193020120009;-0,173527939343538
"98";2003-02-01;48272,8;0,06;0,0729887906181721;0,0917951764848221;0,0768583333333333;36,6;0,683532658693653;0,242521367949795;0,151882325410798;-0,153179177858268
"99";2003-03-01;48297,2;0,0578;0,0605748517195264;0,0843733961417114;0,0740666666666667;31,04;0,17977955150133;0,257439601780688;0,149088598542919;-0,108188490306474
"100";2003-04-01;48621,6;0,0567;0,0667403838559355;0,0772453115939505;0,0710833333333333;25,8;-0,0545987541223891;0,256315566461166;0,149675124421381;-0,0550661343824448
"101";2003-05-01;48764,3;0,0556;0,0831961687202487;0,0753093168021663;0,0679583333333333;29,56;0,167917819043856;0,279297086042514;0,144101383772778;0,0123024195044688
"102";2003-06-01;49509,5;0,0524;0,0869002065811804;0,0749763861203308;0,0647083333333333;30,19;0,12397617274758;0,287691925834971;0,137481915608917;0,0816592643126857
"103";2003-07-01;50351,5;0,0465;0,0927354248411403;0,0747209850394151;0,061;30,54;0,130273871206514;0,296429169687886;0,133347651397252;0,168370341049408
"104";2003-08-01;50521,8;0,0496;0,105623554282388;0,0765325133171814;0,0586916666666667;31,57;0,0893719806763285;0,298423403371697;0,130495799484107;0,242521367949795
"105";2003-09-01;50639,7;0,0568;0,109300965386713;0,0800262028670091;0,0575083333333333;29,2;-0,0410509031198686;0,270034505021653;0,124653245927055;0,257439601780688
"106";2003-10-01;51718,2;0,0584;0,127708983391225;0,0847050135061462;0,056875;29,11;0,0694342395297576;0,252056133890241;0,117605078046585;0,256315566461166
"107";2003-11-01;51824,4;0,0584;0,125149804602692;0,0897937150917862;0,0564583333333333;30,41;0,130903681666047;0,231028902972836;0,109637788235763;0,279297086042514
"108";2003-12-01;53382,5;0,0585;0,107964392381182;0,0932428540860462;0,0560583333333333;32,52;0,0423076923076924;0,186839490235037;0,103210421121079;0,287691925834971
"109";2004-01-01;52974,7;0,0621;0,0951476261158268;0,0945025960413525;0,0560666666666667;33,05;-0,0137272455983288;0,125676730377681;0,0985854842281716;0,296429169687886
"110";2004-02-01;52295,1;0,0626;0,083324356573474;0,0953638932042943;0,0562833333333333;36,16;-0,0120218579234974;0,0677138539929185;0,0917951764848221;0,298423403371697
"111";2004-03-01;52560,8;0,0657;0,0882784095144233;0,0976725230205358;0,0569416666666667;35,76;0,152061855670103;0,0654040460069829;0,0843733961417114;0,270034505021653
"112";2004-04-01;52055;0,0665;0,0706147062211033;0,0979953832176331;0,0577583333333333;37,38;0,448837209302326;0,107357042959042;0,0772453115939505;0,252056133890241
"113";2004-05-01;51842,3;0,0727;0,0631199463541976;0,0963223646871288;0,0591833333333333;39,88;0,349120433017591;0,122457260790187;0,0753093168021663;0,231028902972836
"114";2004-06-01;52789,2;0,074;0,0662438521899837;0,0946010018211958;0,0609833333333333;37,05;0,227227558794303;0,131061542960747;0,0749763861203308;0,186839490235037
"115";2004-07-01;53284,7;0,0764;0,0582544710683892;0,0917275890067998;0,063475;43,8;0,434184675834971;0,156387443346452;0,0747209850394151;0,125676730377681
"116";2004-08-01;53690,1;0,0766;0,0627115423440969;0,0881515880119423;0,065725;42,12;0,334178017104846;0,176787946382162;0,0765325133171814;0,0677138539929185
"117";2004-09-01;53931,5;0,0805;0,065004334543846;0,08446020210837;0,0677;49,64;0,7;0,238542188308818;0,0800262028670091;0,0654040460069829
"118";2004-10-01;54658,2;0,0864;0,0568465259811826;0,0785549973241998;0,0700333333333333;51,76;0,778083132944005;0,297596262760005;0,0847050135061462;0,107357042959042
"119";2004-11-01;55251,2;0,0922;0,0661232932749825;0,073636121380224;0,07285;49,13;0,615586977967774;0,337986537451815;0,0897937150917862;0,122457260790187
"120";2004-12-01;57635,4;0,0923;0,0796684306654802;0,0712781245705822;0,0756666666666667;43,45;0,33610086100861;0,362469301510225;0,0932428540860462;0,131061542960747
"121";2005-01-01;57386,6;0,0904;0,0832831521462132;0,0702894184064477;0,078025;48,2;0,45839636913767;0,401812936071558;0,0945025960413525;0,156387443346452
"122";2005-02-01;57432,5;0,0904;0,0982386495101837;0,0715322761511735;0,0803416666666667;51,75;0,431139380530974;0,438743039276098;0,0953638932042943;0,176787946382162
"123";2005-03-01;58709,7;0,0877;0,11698642334211;0,0739246106368141;0,082175;55,4;0,549217002237137;0,471839301490017;0,0976725230205358;0,238542188308818
"124";2005-04-01;59030,4;0,0888;0,134000576313515;0,0792067664778484;0,0840333333333333;49,72;0,330123060460139;0,461946455753168;0,0979953832176331;0,297596262760005
"125";2005-05-01;58970,8;0,0852;0,13750354440293;0,085405399648576;0,085075;51,97;0,303159478435306;0,458116376204645;0,0963223646871288;0,337986537451815
"126";2005-06-01;59529,7;0,088;0,127687102664939;0,090525670521489;0,0862416666666667;56,5;0,524966261808367;0,48292793478915;0,0946010018211958;0,362469301510225
"127";2005-07-01;60937,4;0,093;0,143619087655556;0,0976393885704196;0,087625;60,57;0,382876712328767;0,478652271163633;0,0917275890067998;0,401812936071558
"128";2005-08-01;61185,5;0,0937;0,139604880601824;0,104047166758564;0,08905;68,94;0,636752136752137;0,503866781134241;0,0881515880119423;0,438743039276098
"129";2005-09-01;61873,6;0,0945;0,14726273142783;0,110902033165562;0,0902166666666667;66,24;0,334407735697018;0,473400759108992;0,08446020210837;0,471839301490017
"130";2005-10-01;62520,7;0,1029;0,143848498486961;0,118152197541044;0,0915916666666667;59,76;0,154559505409583;0,421440456814457;0,0785549973241998;0,461946455753168
"131";2005-11-01;63769,1;0,0925;0,154166787327696;0,12548915537877;0,0916166666666667;57,32;0,16670059027071;0,384033257839701;0,073636121380224;0,458116376204645
"132";2005-12-01;66043,6;0,0857;0,145886035318572;0,131007289099861;0,0910666666666667;61,04;0,404833141542002;0,389760947884151;0,0712781245705822;0,48292793478915
"133";2006-01-01;66009,8;0,0808;0,150265044452886;0,13658911345875;0,0902666666666667;67,92;0,409128630705394;0,385655303014795;0,0702894184064477;0,478652271163633
"134";2006-02-01;66819,34999;0,0726;0,163441431071258;0,14202267858884;0,0887833333333333;61,41;0,186666666666667;0,365282576859436;0,0715322761511735;0,503866781134241
"135";2006-03-01;67793,8;0,0728;0,154729116312977;0,145167903003079;0,0875416666666667;66,63;0,202707581227437;0,336406791775294;0,0739246106368141;0,473400759108992
"136";2006-04-01;67992,348;0,0748;0,151819198243617;0,14665278816392;0,086375;71,88;0,445695897023331;0,346037861488893;0,0792067664778484;0,421440456814457
"137";2006-05-01;69279,1;0,0762;0,174803462052406;0,14976111463471;0,085625;71,29;0,371752934385222;0,351753982818053;0,085405399648576;0,384033257839701
"138";2006-06-01;70297;0,0755;0,180872740833567;0,154193251148762;0,0845833333333333;73,93;0,308495575221239;0,333714758935792;0,090525670521489;0,389760947884151
"139";2006-07-01;71176,35;0,0704;0,168024070603603;0,156226999727766;0,0827;74,4;0,228330856859832;0,320835937646714;0,0976393885704196;0,385655303014795
"140";2006-08-01;71944,08;0,07;0,175835451209845;0,159246213945101;0,080725;70,26;0,019147084421236;0,269368849952473;0,104047166758564;0,365282576859436
"141";2006-09-01;72453,7;0,057;0,170995384137985;0,161223935004281;0,0776;62,91;-0,0502717391304348;0,237312227050185;0,110902033165562;0,336406791775294
"142";2006-10-01;72835,8;0,0385;0,164986956320067;0,16298547315704;0,0722333333333333;58,73;-0,017235609103079;0,222995967507463;0,118152197541044;0,346037861488893
"143";2006-11-01;74130,2;0,044;0,162478379026833;0,163678105798635;0,0681916666666667;63,13;0,101360781577111;0,217550983449663;0,12548915537877;0,351753982818053
"144";2006-12-01;78030,6;0,0579;0,181501311254989;0,166646045460003;0,065875;61,05;0,000163826998689443;0,183828540571054;0,131007289099861;0,333714758935792
"145";2007-01-01;76257,67;0,0622;0,155247705643708;0,167061267225905;0,064325;58,14;-0,143992932862191;0,137735076940422;0,13658911345875;0,320835937646714
"146";2007-02-01;76396,6;0,0662;0,143330487522451;0,165385355263504;0,0637916666666667;61,79;0,00618791727731649;0,122695181157976;0,14202267858884;0,269368849952473
"147";2007-03-01;77338,9;0,0702;0,140796060996728;0,164224267320483;0,063575;65,87;-0,0114062734503976;0,104852359934823;0,145167903003079;0,237312227050185
"148";2007-04-01;76401,08;0,064;0,123671740237593;0,161878645819981;0,062675;65,71;-0,0858375069560379;0,0605579096032088;0,14665278816392;0,222995967507463
"149";2007-05-01;77109;0,0547;0,113019655278432;0,156729995255483;0,0608833333333333;64,01;-0,102118109131715;0,0210686559767973;0,14976111463471;0,217550983449663
"150";2007-06-01;77823,4;0,0531;0,107065735379888;0,150579411467677;0,0590166666666667;70,68;-0,0439605031786825;-0,00830268388986279;0,154193251148762;0,183828540571054
"151";2007-07-01;78411,2;0,0559;0,101646825104125;0,14504797434272;0,0578083333333333;78,21;0,0512096774193547;-0,0230627821765692;0,156226999727766;0,137735076940422
"152";2007-08-01;79388,2;0,0621;0,103470917968511;0,139017596572609;0,05715;74,04;0,0538001707941931;-0,0201750249788228;0,159246213945101;0,122695181157976
"153";2007-09-01;80264,3;0,0733;0,107801257906774;0,133751419386675;0,0585083333333333;81,66;0,298044825941822;0,00885135544386525;0,161223935004281;0,104852359934823
"154";2007-10-01;80696,2;0,0772;0,107919457190008;0,12899579445917;0,0617333333333333;94,53;0,609569215051933;0,0610850907901162;0,16298547315704;0,0605579096032088
"155";2007-11-01;81355,4;0,0913;0,0974663497467969;0,1235781253525;0,065675;88,71;0,405195628069064;0,0864046613311123;0,163678105798635;0,0210686559767973
"156";2007-12-01;84481,1;0,0875;0,0826662873283046;0,11534187335861;0,0681416666666667;95,98;0,572153972153972;0,134070506760719;0,166646045460003;-0,00830268388986279
"157";2008-01-01;83624,3;0,0839;0,096601823790315;0,110454716537494;0,06995;91,75;0,578087375300998;0,194243865774318;0,167061267225905;-0,0230627821765692
"158";2008-02-01;83735,93;0,0876;0,0960688041090831;0,106516242919713;0,0717333333333333;101,84;0,648163133193073;0,247741800433965;0,165385355263504;-0,0201750249788228
"159";2008-03-01;83785,3;0,091;0,0833526207380764;0,101729289564826;0,0734666666666667;101,58;0,54212843479581;0,293869692787815;0,164224267320483;0,00885135544386525
"160";2008-04-01;82277,4;0,1037;0,0769140959787478;0,0978328192099218;0,076775;113,46;0,726677826814792;0,361579303935384;0,161878645819981;0,0610850907901162
"161";2008-05-01;82328,5;0,1224;0,0676898935273444;0,0940553390639978;0,0824166666666667;127,35;0,989532885486643;0,452550220153581;0,156729995255483;0,0864046613311123
"162";2008-06-01;82733,7;0,1356;0,0630954186016031;0,0903911459991408;0,0892916666666667;140;0,980758347481607;0,537943457708605;0,150579411467677;0,134070506760719
"163";2008-07-01;83101,13;0,1416;0,0598119911441224;0,0869049098358072;0,0964333333333333;124,08;0,586497890295359;0,582550808781605;0,14504797434272;0,194243865774318
"164";2008-08-01;83095,88;0,1369;0,0467031624347196;0,0821742635413246;0,102666666666667;115,46;0,559427336574824;0,624686405929991;0,139017596572609;0,247741800433965
"165";2008-09-01;83475,81;0,1275;0,0400116863910853;0,0765251325816839;0,107183333333333;100,64;0,232427136909136;0,619218265177268;0,133751419386675;0,293869692787815
"166";2008-10-01;84100,34;0,1293;0,0421846381861848;0,071047230998032;0,111525;67,81;-0,282661588913572;0,544865698180142;0,12899579445917;0,361579303935384
"167";2008-11-01;85947,53;0,1085;0,0564453004963408;0,0676288102271606;0,112958333333333;54,43;-0,386427685717506;0,478897088697928;0,1235781253525;0,452550220153581
"168";2008-12-01;89906,14;0,094;0,0642160199145134;0,066091287942678;0,1135;44,6;-0,535319858303813;0,386607602826446;0,11534187335861;0,537943457708605
"169";2009-01-01;89599,6;0,0788;0,0714541108266378;0,0639956451957049;0,113075;41,68;-0,545722070844687;0,292956815647639;0,110454716537494;0,582550808781605
"170";2009-02-01;89449,2;0,065;0,0682296118285186;0,0616757125056579;0,111191666666667;44,76;-0,560487038491752;0,192235968007237;0,106516242919713;0,624686405929991
"171";2009-03-01;90150,8;0,05;0,0759739476972692;0,0610608230855906;0,107775;49,66;-0,511124237054538;0,104464912019708;0,101729289564826;0,619218265177268
"172";2009-04-01;89631,2;0,0362;0,0893781281372528;0,0620994924321327;0,10215;51,12;-0,549444738233739;-0,00187863506766995;0,0978328192099218;0,544865698180142
"173";2009-05-01;90049;0,0229;0,0937767601741804;0,0642733979860357;0,0938583333333333;66,31;-0,479308990969768;-0,124282124772371;0,0940553390639978;0,478897088697928
"174";2009-06-01;91079,7;0,0062;0,100877876850667;0,0674219361734576;0,083075;69,89;-0,500785714285714;-0,247744129919648;0,0903911459991408;0,386607602826446
"175";2009-07-01;91843,3;-0,003;0,105199171178539;0,0712042011763257;0,071025;69,45;-0,440280464216634;-0,333308992795647;0,0869049098358072;0,292956815647639
"176";2009-08-01;91146,7;-0,0073;0,0968859105890689;0,0753860968558548;0,0590083333333333;69,96;-0,394075870431318;-0,412767593379492;0,0821742635413246;0,192235968007237
"177";2009-09-01;90737,1;3e-04;0,086986757001819;0,0793006860734159;0,0484083333333333;70,61;-0,298390302066773;-0,457002379960818;0,0765251325816839;0,104464912019708
"178";2009-10-01;91405;-0,0065;0,0868564859547536;0,08302334005413;0,0370916666666667;77;0,135525733667601;-0,422153436412387;0,071047230998032;-0,00187863506766995
"179";2009-11-01;92524,6;-0,0061;0,0765242468282685;0,0846965855817906;0,0275416666666667;77,28;0,419805254455264;-0,354967358064656;0,0676288102271606;-0,124282124772371
"180";2009-12-01;96614,2;-0,0028;0,0746118118295369;0,0855629015747092;0,019475;79,36;0,779372197309417;-0,245409686763553;0,066091287942678;-0,247744129919648
"181";2010-01-01;96798,3;0,0143;0,0803429926026455;0,0863036417227099;0,0141;72,89;0,748800383877159;-0,137532815536733;0,0639956451957049;-0,333308992795647
"182";2010-02-01;95760;0,0248;0,0705517768744719;0,0864971554765393;0,01075;79,66;0,779714030384272;-0,0258493931303977;0,0616757125056579;-0,412767593379492
"183";2010-03-01;96852,2;0,0393;0,0743354468290907;0,0863606137375245;0,00985833333333333;83,76;0,686669351590818;0,0739667392567153;0,0610608230855906;-0,457002379960818
"184";2010-04-01;96428,8;0,0375;0,0758396629745;0,0852324083072951;0,00996666666666667;86,15;0,685250391236307;0,176858000045886;0,0620994924321327;-0,422153436412387
"185";2010-05-01;96413,6;0,0351;0,0706792968272829;0,0833076196950536;0,0109833333333333;73,97;0,115518021414568;0,22642691774458;0,0642733979860357;-0,354967358064656
"186";2010-06-01;97692,2;0,0407;0,0726012492355597;0,0809512340604614;0,0138583333333333;75,63;0,082129059951352;0,275003148931003;0,0674219361734576;-0,245409686763553
"187";2010-07-01;98769,5;0,0412;0,0754132310141296;0,0784690723800939;0,0175416666666667;78,95;0,13678905687545;0,323092275688676;0,0712042011763257;-0,137532815536733
"188";2010-08-01;98642,2;0,041;0,0822355609144378;0,077248209907208;0,0215666666666667;71,92;0,0280160091480848;0,35826659898696;0,0753860968558548;-0,0258493931303977
"189";2010-09-01;99206,7;0,0376;0,0933421940970121;0,0777778296651408;0,024675;79,97;0,132559127602323;0,394179051459385;0,0793006860734159;0,0739667392567153
"190";2010-10-01;100196,2;0,0451;0,0961785460313986;0,0785546680048612;0,028975;81,43;0,0575324675324675;0,38767961261479;0,08302334005413;0,176858000045886
"191";2010-11-01;102092,4;0,0525;0,103408174690839;0,080794995326742;0,0338583333333333;84,11;0,088379917184265;0,360060834508874;0,0846965855817906;0,22642691774458
"192";2010-12-01;106202,6;0,0539;0,0992442104783771;0,0828476952141454;0,0385833333333333;91,38;0,151461693548387;0,307734959195454;0,0855629015747092;0,275003148931003
"193";2011-01-01;105709,9;0,049;0,0920636002905009;0,0838244125214667;0,041475;92,19;0,264782549046508;0,267400139626233;0,0863036417227099;0,323092275688676
"194";2011-02-01;105640;0,0524;0,103174603174603;0,0865429813798109;0,043775;96,97;0,217298518704494;0,220532180319585;0,0864971554765393;0,35826659898696
"195";2011-03-01;106971,9;0,0499;0,104486010643021;0,0890555283643051;0,0446583333333333;106,72;0,274116523400191;0,186152777970366;0,0863606137375245;0,394179051459385
"196";2011-04-01;107979,6;0,0576114812916452;0,119785790137386;0,092717705627879;0,0463342901076371;113,93;0,322460824143935;0,155920314046002;0,0852324083072951;0,38767961261479
"197";2011-05-01;107470,2;0,063930220625962;0,114678841989097;0,0963843343913635;0,0487368084931339;102,7;0,388400702987698;0,17866053751043;0,0833076196950536;0,360060834508874
"198";2011-06-01;109447,8;0,0642229936695938;0,120333046036429;0,100361984124769;0,0506970579656001;95,42;0,261668650006611;0,193622170015035;0,0809512340604614;0,307734959195454
"199";2011-07-01;110158,2;0,0703967446592064;0,115305838340783;0,103686368068657;0,053130120020534;95,7;0,212159594680177;0,199903048165428;0,0784690723800939;0,267400139626233
"200";2011-08-01;110116,2;0,076258261311642;0,116319384604155;0,106526686709467;0,0560683084631708;88,81;0,234844271412681;0,217138736687478;0,077248209907208;0,220532180319585
"201";2011-09-01;110032,3;0,0724931562404949;0,109121662145803;0,107841642380199;0,058976071483212;79,2;-0,00962861072902332;0,205289758493199;0,0777778296651408;0,186152777970366
"202";2011-10-01;110799,6;0,0665;0,10582636866468;0,10864562759964;0,0607594048165454;93,19;0,144418518973351;0,21253026277994;0,0785546680048612;0,155920314046002
"203";2011-11-01;112762,1;0,0605484387510006;0,104510227989547;0,108737465374532;0,0614301080457954;100,36;0,193199381761978;0,221265218161416;0,080794995326742;0,17866053751043
"204";2011-12-01;116741,8;0,062;0,0992367418500111;0,108736842988835;0,0621051080457954;98,83;0,0815276865834975;0,215437384247675;0,0828476952141454;0,193622170015035
"205";2012-01-01;115902,5;0,0544;0,0964204866337024;0,109099916850768;0,0625551080457954;98,48;0,0682286582058793;0,199057893344289;0,0838244125214667;0,199903048165428
"206";2012-02-01;117516,9;0,0517;0,112428057553957;0,109871038049048;0,0624967747124621;107,07;0,104155924512736;0,189629343828309;0,0865429813798109;0,217138736687478
"207";2012-03-01;118038,6;0,0455;0,103454271635822;0,109785059798448;0,0621301080457954;103,02;-0,0346701649175413;0,163897119801832;0,0890555283643051;0,205289758493199
"208";2012-04-01;116925,1;0,0427;0,0828443520813191;0,106706606627109;0,060887484604825;104,87;-0,0795225138242781;0,130398508304481;0,092717705627879;0,21253026277994
"209";2012-05-01;116447;0,039;0,0835282710928238;0,104110725719086;0,0588099662193281;86,53;-0,15744888023369;0,0849110430360315;0,0963843343913635;0,221265218161416
"210";2012-06-01;117791,1;0,0347;0,076230860739092;0,100435543610975;0,056349716746862;84,96;-0,109620624607001;0,0539702701515639;0,100361984124769;0,215437384247675
"211";2012-07-01;118408,2;0,0286;0,0748922912683758;0,0970677480216073;0,0528666546919281;88,06;-0,0798328108672937;0,0296375696892746;0,103686368068657;0,199057893344289
"212";2012-08-01;119860,6;0,0271;0,0884919748411224;0,0947487972080213;0,048770132915958;96,47;0,0862515482490711;0,0172548427589738;0,106526686709467;0,189629343828309
"213";2012-09-01;120091,3;0,0328;0,0914186107170349;0,0932735429222906;0,0454623698959167;92,19;0,164015151515151;0,0317251562793217;0,107841642380199;0,163897119801832
"214";2012-10-01;120309,4;0,0335;0,0858288297069663;0,0916070813424811;0,0427123698959167;86,24;-0,0745788174696856;0,013475378242402;0,10864562759964;0,130398508304481
"215";2012-11-01;122718;0,0311;0,0882911900363685;0,0902554948463829;0,0402583333333333;88,91;-0,114089278597051;-0,0121320101208504;0,108737465374532;0,0849110430360315
"216";2012-12-01;127794;0,0345;0,0946721739771015;0,0898751141903071;0,0379666666666667;91,82;-0,0709298795912173;-0,0248368073020767;0,108736842988835;0,0539702701515639
"217";2013-01-01;125926,7;0,0386;0,0864882120748043;0,0890474246437323;0,03665;97,49;-0,0100528025995127;-0,0313602623691927;0,109099916850768;0,0296375696892746
"218";2013-02-01;126884,6;0,0418;0,0797136411869273;0,0863212232798132;0,035825;92,05;-0,140282058466424;-0,0517300942841227;0,109871038049048;0,0172548427589738
"219";2013-03-01;128578,3;0,0434;0,0892902830091173;0,0851408908942544;0,03565;97,23;-0,0562026790914385;-0,0535244704652808;0,109785059798448;0,0317251562793217
"220";2013-04-01;127945,2;0,0413;0,0942492245035496;0,0860912969294403;0,0355333333333333;93,46;-0,108801373128636;-0,0559643754073106;0,106706606627109;0,013475378242402
"221";2013-05-01;128941,1;0,0427;0,107294305563905;0,0880717998020304;0,0358416666666667;91,97;0,0628683693516698;-0,0376046046085305;0,104110725719086;-0,0121320101208504
"222";2013-06-01;129392,5;0,0479;0,0984913121619544;0,0899268374206022;0,0369416666666667;96,56;0,136534839924671;-0,0170916492308912;0,100435543610975;-0,0248368073020767
"223";2013-07-01;130129;0,0474;0,0989863877670634;0,0919346787954929;0,0385083333333333;105,03;0,192709516238928;0,0056202113612939;0,0970677480216073;-0,0313602623691927
"224";2013-08-01;131405,7;0,0442;0,0963210596309381;0,0925871025279775;0,0399333333333333;107,65;0,115890950554577;0,00809016155341936;0,0947487972080213;-0,0517300942841227
"225";2013-09-01;131548,4;0,0421;0,0954032473626316;0,0929191555817772;0,0407083333333333;102,33;0,10999023755288;0,00358808538989674;0,0932735429222906;-0,0535244704652808
"226";2013-10-01;131940,5;0,0415;0,0966765689131523;0,0938231338489594;0,041375;96,38;0,117578849721707;0,0196012243225128;0,0916070813424811;-0,0559643754073106
"227";2013-11-01;133272,7;0,0463;0,0860077576231686;0,0936328478145261;0,0426416666666667;92,72;0,0428523225733888;0,0326796910867161;0,0902554948463829;-0,0376046046085305
"228";2013-12-01;137478,2;0,0439;0,0757797705682584;0,0920584808637891;0,043425;98,42;0,0718797647571336;0,044580494782412;0,0898751141903071;-0,0170916492308912
"229";2014-01-01;136706,5;0,0414;0,0856037679062502;0,0919847771830763;0,0436583333333333;97,49;0;0,0454182283323714;0,0890474246437323;0,0056202113612939
"230";2014-02-01;136643,5;0,035;0,0769116189041066;0,0917512753261746;0,0430916666666667;102,59;0,11450298750679;0,0666503154968058;0,0863212232798132;0,00809016155341936
"231";2014-03-01;137693,6;0,0325;0,0708929889413688;0,0902181674871955;0,0421833333333333;101,58;0,0447392780006171;0,0750621452544771;0,0851408908942544;0,00358808538989674
"232";2014-04-01;139200,4;0,0327;0,0879689116903173;0,0896948080860929;0,0414666666666667;99,74;0,0671945217205221;0,0897284698252403;0,0860912969294403;0,0196012243225128
"233";2014-05-01;138758,8;0,0322;0,0761409666894417;0,0870986965132209;0,0405916666666667;102,71;0,116777209959769;0,0942208732092486;0,0880717998020304;0,0326796910867161
"234";2014-06-01;139905,5;0,0313;0,0812489131904863;0,0856618299322653;0,0392083333333333;105,37;0,0912386081193042;0,090446187225468;0,0899268374206022;0,044580494782412
"235";2014-07-01;141225,2;0,0341;0,0852707697746085;0,0845188617662274;0,0381;98,17;-0,0653146719984766;0,0689441715390176;0,0919346787954929;0,0454182283323714
"236";2014-08-01;142378,8;0,037;0,0835055100349527;0,0834508992998952;0,0375;95,96;-0,108592661402694;0,0502372038759118;0,0925871025279775;0,0666503154968058
"237";2014-09-01;142429,5;0,0345;0,082715563245163;0,0823935922901062;0,0368666666666667;91,16;-0,109156650053748;0,0319749632420261;0,0929191555817772;0,0750621452544771
"238";2014-10-01;142466,3;0,0364;0,0797768691190346;0,0809852839739297;0,0364416666666667;80,54;-0,16434945009338;0,00848093825743553;0,0938231338489594;0,0897284698252403
"239";2014-11-01;143913,6;0,0338;0,0798430586309125;0,0804715590579084;0,0354;66,15;-0,286561691113028;-0,0189702295497659;0,0936328478145261;0,0942208732092486
"240";2014-12-01;149911,3;0,0295;0,0904368838113969;0,0816929851615033;0,0342;53,27;-0,458748221906117;-0,0631892284383701;0,0920584808637891;0,090446187225468
"241";2015-01-01;150730,9;0,0232;0,102587660425803;0,0831083095381326;0,0326833333333333;48,24;-0,505180018463432;-0,105287563310323;0,0919847771830763;0,0689441715390176
"242";2015-02-01;151614,9;0,0244;0,109565401940085;0,0858294581244641;0,0318;49,76;-0,514962471975826;-0,157743018267207;0,0917512753261746;0,0502372038759118
"243";2015-03-01;154069;0,0243;0,118926369853065;0,0898322398671055;0,0311166666666667;47,6;-0,531403819649537;-0,205754943071387;0,0902181674871955;0,0319749632420261
"244";2015-04-01;154524,6;0,0258;0,110087327335266;0,0916754411708512;0,0305416666666667;59,63;-0,402145578504111;-0,244866618090106;0,0896948080860929;0,00848093825743553
"245";2015-05-01;155773,4;0,0255;0,122619970769422;0,0955486915108496;0,0299833333333333;60,3;-0,41291013533249;-0,289007230197795;0,0870986965132209;-0,0189702295497659
"246";2015-06-01;156638,1;0,0239;0,119599300956717;0,0987445571580355;0,0293666666666667;59,47;-0,435607858024106;-0,332911102376412;0,0856618299322653;-0,0631892284383701
"247";2015-07-01;158706,4;0,0232;0,123782441094082;0,101953863101325;0,0284583333333333;47,12;-0,520016298258124;-0,370802904564716;0,0845188617662274;-0,105287563310323
"248";2015-08-01;157815,8;0,0196;0,108422040359941;0,104030240628407;0,0270083333333333;49,2;-0,48728636932055;-0,402360713557871;0,0834508992998952;-0,157743018267207
"249";2015-09-01;158342,8;0,0188;0,111727556440204;0,106447906727994;0,0257;45,09;-0,505375164545853;-0,435378923098879;0,0823935922901062;-0,205754943071387
"250";2015-10-01;159714,4;0,0223;0,121067929749;0,109888828447158;0,024525;46,59;-0,421529674695803;-0,456810608482415;0,0809852839739297;-0,244866618090106
"251";2015-11-01;158972,5;0,0251;0,104638477530963;0,111955113355495;0,0238;41,65;-0,37037037037037;-0,463794665087193;0,0804715590579084;-0,289007230197795
"252";2015-12-01;165582,4;0,0307;0,10453581551224;0,113130024330566;0,0239;37,04;-0,304674300732119;-0,450955171656027;0,0816929851615033;-0,332911102376412
"253";2016-01-01;164523,7;0,0438;0,0915061211735617;0,112206562726212;0,0256166666666667;33,62;-0,303067993366501;-0,434112502897949;0,0831083095381326;-0,370802904564716
"254";2016-02-01;164854,1;0,0427;0,0873212329395068;0,110352881976164;0,0271416666666667;33,75;-0,321744372990354;-0,41801099464916;0,0858294581244641;-0,402360713557871
"255";2016-03-01;165315;0,0426;0,0729932692494921;0,106525123592533;0,0286666666666667;38,34;-0,19453781512605;-0,389938827605536;0,0898322398671055;-0,435378923098879
"256";2016-04-01;166500;0,0409;0,0774983400701248;0,103809374653771;0,029925;45,92;-0,22991782659735;-0,375586514946639;0,0916754411708512;-0,456810608482415
"257";2016-05-01;165615,4;0,0436;0,063181518795892;0,0988561703226437;0,0314333333333333;49,1;-0,185737976782753;-0,356655501734161;0,0955486915108496;-0,463794665087193
"258";2016-06-01;167721,8;0,0443;0,0707599236711884;0,0947862222155163;0,0331333333333333;48,33;-0,187321338489995;-0,335964958439652;0,0987445571580355;-0,450955171656027
"259";2016-07-01;169128,1;0,0462;0,0656665389675528;0,0899432303716389;0,03505;41,6;-0,117147707979626;-0,302392575916444;0,101953863101325;-0,434112502897949
"260";2016-08-01;167888,3;0,0474;0,063824407949014;0,0862267610040616;0,0373666666666667;44,7;-0,0914634146341463;-0,269407329692577;0,104030240628407;-0,41801099464916
"261";2016-09-01;168722,6;0,0456;0,0655527122167854;0,0823788573187767;0,0396;48,24;0,0698602794411178;-0,221471042693663;0,106447906727994;-0,389938827605536
"262";2016-10-01;169268,9;0,0476;0,059822407998277;0,0772750638395498;0,0417083333333333;46,86;0,00579523502897605;-0,185860633549931;0,109888828447158;-0,375586514946639
"263";2016-11-01;171817,9;0,0467;0,0808026545471701;0,0752887452575671;0,0435083333333333;49,44;0,18703481392557;-0,139410201525269;0,111955113355495;-0,356655501734161
"264";2016-12-01;177252,6;0,0423;0,0704797128197201;0,0724507366998571;0,044475;53,72;0,450323974082073;-0,0764936786240865;0,113130024330566;-0,335964958439652
"265";2017-01-01;174799,6;0,0383;0,0624584786264835;0,0700300998209339;0,0440166666666667;52,81;0,570791195716835;-0,00367207953380849;0,112206562726212;-0,302392575916444
"266";2017-02-01;176143,9;0,0396;0,0684835863954854;0,0684602959422655;0,0437583333333333;54,01;0,600296296296296;0,0731646429067457;0,110352881976164;-0,269407329692577
"267";2017-03-01;177900,3;0,04;0,0761292078758733;0,0687216241611305;0,0435416666666667;50,6;0,319770474700052;0,116023667058921;0,106525123592533;-0,221471042693663
"268";2017-04-01;179857,2;0,0409;0,0802234234234236;0,0689487144405721;0,0435416666666667;49,33;0,074259581881533;0,141371784432161;0,103809374653771;-0,185860633549931
"269";2017-05-01;180008,8;0,0393;0,0869085845881481;0,0709259699232601;0,0431833333333333;48,32;-0,0158859470468432;0,155526120243487;0,0988561703226437;-0,139410201525269
"270";2017-06-01;181303,7;0,0436;0,0809787397941115;0,0717775379335037;0,043125;46,04;-0,0473825781088351;0,167187683608584;0,0947862222155163;-0,0764936786240865
"271";2017-07-01;182528,3;0,0522;0,0792310680484201;0,0729079153569093;0,043625;50,17;0,206009615384615;0,194117460555604;0,0899432303716389;-0,00367207953380849
"272";2017-08-01;182909,7;0,0472;0,0894725838548607;0,0750452633490632;0,0436083333333333;47,23;0,0565995525727068;0,206456041156175;0,0862267610040616;0,0731646429067457
"273";2017-09-01;183456,1;0,0436;0,0873238084287464;0,0768595213667266;0,0434416666666667;51,67;0,0711028192371477;0,206559586139177;0,0823788573187767;0,116023667058921
"274";2017-10-01;184347,2;0,042;0,0890789743420086;0,0792975685620376;0,042975;54,38;0,160478019632949;0,219449818189508;0,0772750638395498;0,141371784432161
"275";2017-11-01;186179,6;0,0469;0,0835867508565755;0,0795295765878214;0,0429916666666667;57,4;0,161003236245955;0,217280520049541;0,0752887452575671;0,155526120243487
"276";2017-12-01;192947,4;0,0568;0,08854482247369;0,0810350023923189;0,0442;60,42;0,124720774385704;0,190146920074843;0,0724507366998571;0,167187683608584
"277";2018-01-01;189958,6;0,0471;0,0867221664122801;0,0830569763744686;0,0449333333333333;64,73;0,22571482673736;0,16139055599322;0,0700300998209339;0,194117460555604
"278";2018-02-01;191107,3;0,0415;0,0849498620162266;0,0844291660095304;0,0450916666666667;61,64;0,141270135160156;0,123138375898542;0,0684602959422655;0,206456041156175
"279";2018-03-01;193295,6;0,0414;0,0865389209574128;0,0852966420996587;0,0452083333333333;64,94;0,283399209486166;0,120107437130718;0,0687216241611305;0,206559586139177
"280";2018-04-01;193203,6;0,0392;0,0742055363922045;0,0847951515137237;0,0450666666666667;68,57;0,390026353131968;0,146421334734921;0,0689487144405721;0,219449818189508
"281";2018-05-01;192810,8;0,0409;0,0711187453057851;0,0834793315735268;0,0452;67,04;0,387417218543046;0,180029931867412;0,0709259699232601;0,217280520049541
"282";2018-06-01;194532,2;0,0379;0,0729632103481617;0,0828113707863643;0,044725;74,15;0,610556038227628;0,23485814989545;0,0717775379335037;0,190146920074843
"283";2018-07-01;196070,8;0,0261;0,0741939743042586;0,0823916129743509;0,04255;68,76;0,37054016344429;0,248569028900423;0,0729079153569093;0,16139055599322
"284";2018-08-01;197244,5;0,0336;0,0783709119855316;0,0814664736519068;0,0414166666666667;69,8;0,477874232479356;0,283675252225977;0,0750452633490632;0,123138375898542
"285";2018-09-01;197379,6;0,0455;0,0758955412221234;0,0805141180513549;0,041575;73,25;0,417650474162957;0,312554223469795;0,0768595213667266;0,120107437130718
"286";2018-10-01;197933,2;0,0434;0,0736978918041609;0,0792323611732009;0,0416916666666667;65,31;0,200993012136815;0,315930472845117;0,0792975685620376;0,146421334734921
"287";2018-11-01;200442,9;0,0315;0,0766104342258764;0,078651001453976;0,0404083333333333;50,93;-0,112717770034843;0,293120388988384;0,0795295765878214;0,180029931867412
"288";2018-12-01;208182,1;0,0231;0,0789577884957249;0,0778520819558122;0,0376;45,41;-0,248427672955975;0,262024685043244;0,0810350023923189;0,23485814989545
"289";2019-01-01;205267,8;0,041;0,0805922974795559;0,0773412595447519;0,0370916666666667;53,79;-0,16900973273598;0,229130971753799;0,0830569763744686;0,248569028900423
"290";2019-02-01;206548,6;0,0446;0,0807991112846029;0,0769953636504499;0,03735;57,22;-0,0717066839714472;0,211382903492832;0,0844291660095304;0,283675252225977
"291";2019-03-01;208709;0,0417;0,0797400458158386;0,0764287907219854;0,037375;60,14;-0,0739143825069294;0,181606770826741;0,0852966420996587;0,312554223469795
"292";2019-04-01;209429,2;0,0475;0,0839818719734;0,0772434853537517;0,0380666666666667;63,91;-0,0679597491614409;0,14344126230229;0,0847951515137237;0,315930472845117
"293";2019-05-01;210940,4;0,0454;0,0940279278961553;0,0791525839029492;0,0384416666666667;53,5;-0,201968973747017;0,0943257462781178;0,0834793315735268;0,293120388988384
"294";2019-06-01;213157,8;0,048;0,0957455886480489;0,0810511154279398;0,0392833333333333;58,47;-0,211463250168577;0,0258241389117674;0,0828113707863643;0,262024685043244
"295";2019-07-01;215665,2;0,0437;0,0999353294830236;0,0831962283595035;0,04075;58,58;-0,14805119255381;-0,0173918074214077;0,0823916129743509;0,229130971753799
"296";2019-08-01;217096;0,0301;0,100644124424255;0,0850523293960638;0,0404583333333333;55,1;-0,210601719197708;-0,0747648033944963;0,0814664736519068;0,211382903492832
"297";2019-09-01;217396,6;0,018;0,101413722593419;0,0871788445103385;0,0381666666666667;54,07;-0,261843003412969;-0,131389259859157;0,0805141180513549;0,181606770826741
"298";2019-10-01;220780,3;0,0217;0,115428336428654;0,0906563815623795;0,0363583333333333;54,18;-0,170418006430868;-0,16234017807313;0,0792323611732009;0,14344126230229
"299";2019-11-01;223309,1;0,0292;0,114078373442013;0,0937787098303909;0,0361666666666667;55,17;0,0832515216964462;-0,14600940376219;0,078651001453976;0,0943257462781178
"300";2019-12-01;233161,3;0,0341;0,119987261152616;0,0971978325517985;0,0370833333333333;61,06;0,34463774499009;-0,0965872856000176;0,0778520819558122;0,0258241389117674
"301";2020-01-01;230642,3;0,0178;0,123616563338234;0,100783188040022;0,03515;51,56;-0,0414575199851273;-0,0859579345374465;0,0773412595447519;-0,0173918074214077
"302";2020-02-01;231101,2;0,0124;0,118870812970894;0,103955829847213;0,0324666666666667;44,76;-0,217756029360364;-0,0981287133198562;0,0769953636504499;-0,0747648033944963
"303";2020-03-01;233217;0,0177;0,117426656253444;0,107096380717013;0,0304666666666667;20,48;-0,659461257066844;-0,146924286199849;0,0764287907219854;-0,131389259859157
"304";2020-04-01;234314,8;0,0188;0,1188258370848;0,110000044476296;0,028075;18,84;-0,705210452198404;-0,200028511452929;0,0772434853537517;-0,16234017807313
"305";2020-05-01;238322,9;0,018;0,129811548664931;0,112982012873694;0,0257916666666667;35,49;-0,336635514018692;-0,211250723142236;0,0791525839029492;-0,14600940376219
"306";2020-06-01;243579,8;0,0239;0,142720557258519;0,116896593591234;0,0237833333333333;39,27;-0,328373524884556;-0,220993246035234;0,0810511154279398;-0,0965872856000176
"307";2020-07-01;249079,2;0,0288;0,154934593063693;0,121479865556289;0,0225416666666667;40,27;-0,312564015022192;-0,234702647907599;0,0831962283595035;-0,0859579345374465
"308";2020-08-01;252985,7;0,0419;0,16531718686664;0,126869287426488;0,023525;42,61;-0,226678765880218;-0,236042401797808;0,0850523293960638;-0,0981287133198562
"309";2020-09-01;260358,5;0,0497;0,197619925978603;0,13488647104192;0,0261666666666667;40,22;-0,256149435916405;-0,235567937839761;0,0871788445103385;-0,146924286199849
"310";2020-10-01;262397,2;0,0534;0,188499155042366;0,140975705926396;0,0288083333333333;35,79;-0,339424141749723;-0,249651782449666;0,0906563815623795;-0,200028511452929
"311";2020-11-01;263886,9;0,0546;0,181711358829533;0,146611788042023;0,030925;45,34;-0,178176545223854;-0,271437454693024;0,0937787098303909;-0,211250723142236
"312";2020-12-01;276010,6;0,0482;0,183775352084587;0,151927462286354;0,0321;48,52;-0,20537176547658;-0,317271580565247;0,0971978325517985;-0,220993246035234
"313";2021-01-01;273558,3;0,0524;0,18607167895915;0,157132055254763;0,0349833333333333;52,2;0,0124127230411171;-0,312782393646393;0,100783188040022;-0,234702647907599
"314";2021-02-01;273864,3;0,06;0,185040579624857;0,162646202475927;0,03895;61,5;0,373994638069705;-0,26346983802722;0,103955829847213;-0,236042401797808
"315";2021-03-01;276492,2;0,0584;0,185557656603078;0,168323785838396;0,0423416666666667;59,16;1,888671875;-0,0511254103549834;0,107096380717013;-0,235567937839761
"316";2021-04-01;276708,1;0,052;0,180924551074025;0,173498678670832;0,0451083333333333;63,58;2,37473460721868;0,205536677929774;0,110000044476296;-0,249651782449666
"317";2021-05-01;277344,8;0,0517;0,163735419466614;0,176325667904305;0,0479166666666667;66,32;0,868695407156945;0,305980921361077;0,112982012873694;-0,271437454693024
"318";2021-06-01;281511,2;0,0391;0,155724735795004;0,177409349449013;0,0491833333333333;73,47;0,870893812070282;0,405919866107313;0,116896593591234;-0,317271580565247
"319";2021-07-01;284896;0,0382;0,14379683249344;0,176481202734825;0,0499666666666667;73,95;0,836354606406754;0,501663084559726;0,121479865556289;-0,312782393646393
"320";2021-08-01;283712,6;0,0362;0,121457062592866;0,172826192378677;0,0494916666666667;68,5;0,60760384886177;0,571186635788225;0,126869287426488;-0,26346983802722
"321";2021-09-01;287729;0,0367;0,105126200988253;0,165118381962814;0,0484083333333333;75,03;0,865489806066634;0,664656572620144;0,13488647104192;-0,0511254103549834
"322";2021-10-01;289094,5;0,0296;0,101743844827612;0,157888772778252;0,046425;83,57;1,33500977926795;0,804192732704951;0,140975705926396;0,205536677929774
"323";2021-11-01;290561,2;0,0289;0,10108231973622;0,151169686187142;0,0442833333333333;66,18;0,459638288486987;0,857343968847521;0,146611788042023;0,305980921361077
"324";2021-12-01;303333,1;0,0307;0,0989907633982172;0,144104303796611;0,042825;75,21;0,550082440230832;0,920298485989805;0,151927462286354;0,405919866107313
"325";2022-01-01;304556,2;0,0287;0,113313688526358;0,138041137927212;0,04085;88,15;0,688697318007663;0,976655535570351;0,157132055254763;0,501663084559726
"326";2022-02-01;305543,1;0,0298;0,11567334625214;0,132260535146152;0,0383333333333333;95,72;0,556422764227642;0,991857879416845;0,162646202475927;0,571186635788225
"327";2022-03-01;NA;NA;NA;NA;NA;107,53;0,817613252197431;0,902602994183298;0,168323785838396;0,664656572620144
